{"content":"<li class=\"n-box-item date-title\" data-end=\"1304308799\" data-start=\"1304222400\" data-txt=\"Tuesday, December 17, 2019\">Sunday, May  1, 2011</li><li class=\"n-box-item sa-box-item\" data-id=\"75022\" data-ts=\"1304292453\"><div class=\"media media-overflow-fix\"><div class=\"media-left\"><a class=\"box-ticker\" href=\"/symbol/\" target=\"_blank\"></a></div><div class=\"media-body\"><h4 class=\"media-heading\"><a href=\"/news/75022\" sasource=\"on_the_move_news_fidelity\" target=\"_blank\">Silver is plunging in early trading Sunday evening, -12.1% at $42.73. No particular news, but...</a></h4><p>Silver <a target=\"_blank\" href=\"http://finviz.com/futures_charts.ashx?t=SI\">is plunging</a> in early trading Sunday evening, <font color=\"red\">-12.1%</font> at $42.73. No particular news, but there is (make that was) a lot of air underneath the price. Ed Bradford at Full Carry notes the metal was trading 88% above its 200 day moving average. Gold is spared any damage thus far. </p><div class=\"tiny-share-widget\" data-id=\"75022\" data-linked=\"Silver is plunging in early trading Sunday evening, -12.1% at $42.73. No particular news, but...\" data-tweet=\"$SLV $SIL $SIVR - Silver is plunging in early trading Sunday evening, -12.1% at $42.73. No particular news, but there is (make that was) a lot of air underneath the price. Ed Bradford at Full Carry notes the metal was trading 88% above its 200 day movin... https://seekingalpha.com/news/75022?source=tweet\" data-url=\"https://seekingalpha.com/news/75022\"><div class=\"icon share-btn c-email\" title=\"Email a friend\">&nbsp;</div><div class=\"icon share-btn c-twitter\" title=\"Share on Twitter\">&nbsp;</div><div class=\"icon share-btn c-facebook\" title=\"Share on Facebook\">&nbsp;</div><div class=\"icon share-btn c-linkedin\" title=\"Share on Linkedin\">&nbsp;</div></div><span class=\"mc_gray_separator\">|</span>  7:27 PM <span class='mc_gray_separator'>|</span> <span class='comments-n'><span class='comments-container '>64&nbsp;<span class='comments-number'>Comments</span></span></span></div></div></li>","count":1,"message":null,"success":true,"today":{"start":1576558800,"end":1576645199,"str":"Tuesday, December 17, 2019"},"yesterday":{"start":1576472400,"end":1576558799}}