{"content":"<li class=\"n-box-item date-title\" data-end=\"1322974799\" data-start=\"1322888400\" data-txt=\"Wednesday, December 18, 2019\">Saturday, December  3, 2011</li><li class=\"n-box-item sa-box-item\" data-id=\"103878\" data-ts=\"1322936668\"><div class=\"media media-overflow-fix\"><div class=\"media-left\"><a class=\"box-ticker\" href=\"/symbol/IBM\" target=\"_blank\">IBM</a></div><div class=\"media-body\"><h4 class=\"media-heading\"><a href=\"/news/103878\" sasource=\"on_the_move_news_fidelity\" target=\"_blank\">More on SAP/SuccessFactors: IDC predicted earlier this week the cloud business software space...</a></h4><p>More on <a target=\"_blank\" href=\"https://seekingalpha.com/currents/post/103877\">SAP/SuccessFactors</a>: IDC predicted earlier this week the cloud business software space could see <a target=\"_blank\" href=\"https://seekingalpha.com/currents/post/103834\">a wave of M&amp;A activity</a>, and SAP's big purchase will likely stoke investor hopes for additional deals occurring. Some other cloud software names that could be on the move on Monday: <a href=\"https://seekingalpha.com/symbol/KNXA\" title=\"\">KNXA</a>, <a href=\"https://seekingalpha.com/symbol/TLEO\" title=\"Taleo Corporation\">TLEO</a>, <a href=\"https://seekingalpha.com/symbol/CSOD\" title=\"Cornerstone OnDemand, Inc.\">CSOD</a>, <a href=\"https://seekingalpha.com/symbol/TNGO\" title=\"Tangoe\">OTC:TNGO</a>, <a href=\"https://seekingalpha.com/symbol/N\" title=\"NetSuite Inc.\">N</a>, <a href=\"https://seekingalpha.com/symbol/LPSN\" title=\"LivePerson, Inc.\">LPSN</a>, <a href=\"https://seekingalpha.com/symbol/CTCT\" title=\"Constant Contact, Inc.\">CTCT</a>, <a href=\"https://seekingalpha.com/symbol/SREV\" title=\"ServiceSource International, Inc.\">SREV</a>. </p><div class=\"tiny-share-widget\" data-id=\"103878\" data-linked=\"More on SAP/SuccessFactors: IDC predicted earlier this week the cloud business software space...\" data-tweet=\"$IBM $IBM $TLEO - More on SAP/SuccessFactors: IDC predicted earlier this week the cloud business software space could see a wave of M&amp;A activity, and SAP&#39;s big purchase will likely stoke investor hopes for additional deals occurring. Some other cloud so... https://seekingalpha.com/news/103878?source=tweet\" data-url=\"https://seekingalpha.com/news/103878\"><div class=\"icon share-btn c-email\" title=\"Email a friend\">&nbsp;</div><div class=\"icon share-btn c-twitter\" title=\"Share on Twitter\">&nbsp;</div><div class=\"icon share-btn c-facebook\" title=\"Share on Facebook\">&nbsp;</div><div class=\"icon share-btn c-linkedin\" title=\"Share on Linkedin\">&nbsp;</div></div><span class=\"mc_gray_separator\">|</span>  1:24 PM </div></div></li><li class=\"n-box-item sa-box-item\" data-id=\"103877\" data-ts=\"1322936309\"><div class=\"media media-overflow-fix\"><div class=\"media-left\"><a class=\"box-ticker\" href=\"/symbol/SAP\" target=\"_blank\">SAP</a></div><div class=\"media-body\"><h4 class=\"media-heading\"><a href=\"/news/103877\" sasource=\"on_the_move_news_fidelity\" target=\"_blank\">SAP announces it&#39;s acquiring cloud HR software provider SuccessFactors (NYSE:SFSF) for $40/share...</a></h4><a href=\"https://seekingalpha.com/symbol/SAP\" title=\"SAP AG\">SAP</a> announces it's acquiring cloud HR software provider SuccessFactors (NYSE:<a href=\"https://seekingalpha.com/symbol/SFSF\" title=\"SuccessFactors, Inc.\">SFSF</a>) for $40/share in cash, or $3.4B. The price represents a 52% premium to SuccessFactors' Friday close. The deal comes 6 weeks after Oracle's (NYSE:<a href=\"https://seekingalpha.com/symbol/ORCL\" title=\"Oracle Corporation\">ORCL</a>) <a target=\"_blank\" href=\"https://seekingalpha.com/currents/post/97197\">deal</a> to acquire cloud customer support software firm RightNow (NASDAQ:<a href=\"https://seekingalpha.com/symbol/RNOW\" title=\"RightNow Technologies, Inc.\">RNOW</a>), and a month after SAP said it was <a target=\"_blank\" href=\"https://seekingalpha.com/currents/post/99434\">forming a plan</a> to expand its cloud offerings. <div class=\"tiny-share-widget\" data-id=\"103877\" data-linked=\"SAP announces it&#39;s acquiring cloud HR software provider SuccessFactors (NYSE:SFSF) for $40/share...\" data-tweet=\"$SAP $SAP $SFSF - SAP announces it&#39;s acquiring cloud HR software provider SuccessFactors (NYSE:SFSF) for $40/share in cash, or $3.4B. The price represents a 52% premium to SuccessFactors&#39; Friday close. The deal comes 6 weeks after Oracle&#39;s (NYSE:ORCL) d... https://seekingalpha.com/news/103877?source=tweet\" data-url=\"https://seekingalpha.com/news/103877\"><div class=\"icon share-btn c-email\" title=\"Email a friend\">&nbsp;</div><div class=\"icon share-btn c-twitter\" title=\"Share on Twitter\">&nbsp;</div><div class=\"icon share-btn c-facebook\" title=\"Share on Facebook\">&nbsp;</div><div class=\"icon share-btn c-linkedin\" title=\"Share on Linkedin\">&nbsp;</div></div><span class=\"mc_gray_separator\">|</span>  1:18 PM <span class='mc_gray_separator'>|</span> <span class='comments-n'><span class='comments-container '>10&nbsp;<span class='comments-number'>Comments</span></span></span></div></div></li>","count":2,"message":null,"success":true,"today":{"start":1576645200,"end":1576731599,"str":"Wednesday, December 18, 2019"},"yesterday":{"start":1576558800,"end":1576645199}}