{"content":"<li class=\"n-box-item date-title\" data-end=\"1324270799\" data-start=\"1324184400\" data-txt=\"Wednesday, December 18, 2019\">Sunday, December 18, 2011</li><li class=\"n-box-item sa-box-item\" data-id=\"106236\" data-ts=\"1324269417\"><div class=\"media media-overflow-fix\"><div class=\"media-left\"><a class=\"box-ticker\" href=\"/symbol/KB\" target=\"_blank\">KB</a></div><div class=\"media-body\"><h4 class=\"media-heading\"><a href=\"/news/106236\" sasource=\"on_the_move_news_fidelity\" target=\"_blank\">South Korean shares add to sharp losses in the wake of Kim Jong Il&#39;s death, the Kospi off 3.5%....</a></h4> South Korean shares add to sharp losses in the wake of Kim Jong Il's <a target=\"_blank\" href=\"https://seekingalpha.com/currents/post/106235\" target=\"_blank\">death</a>, the Kospi <font color=\"red\">off 3.5%</font>. Dow Jones reports the Bank of Korea is<a target=\"_blank\" href=\"https://twitter.com/#!/djfxtrader/status/148620253063151616\" target=\"_blank\"> holding</a> an emergency meeting. <div class=\"tiny-share-widget\" data-id=\"106236\" data-linked=\"South Korean shares add to sharp losses in the wake of Kim Jong Il&#39;s death, the Kospi off 3.5%....\" data-tweet=\"$KB $EWY $SKOR-OLD - South Korean shares add to sharp losses in the wake of Kim Jong Il&#39;s death, the Kospi off 3.5%. Dow Jones reports the Bank of Korea is holding an emergency meeting. https://seekingalpha.com/news/106236?source=tweet\" data-url=\"https://seekingalpha.com/news/106236\"><div class=\"icon share-btn c-email\" title=\"Email a friend\">&nbsp;</div><div class=\"icon share-btn c-twitter\" title=\"Share on Twitter\">&nbsp;</div><div class=\"icon share-btn c-facebook\" title=\"Share on Facebook\">&nbsp;</div><div class=\"icon share-btn c-linkedin\" title=\"Share on Linkedin\">&nbsp;</div></div><span class=\"mc_gray_separator\">|</span> 11:36 PM </div></div></li>","count":1,"message":null,"success":true,"today":{"start":1576645200,"end":1576731599,"str":"Wednesday, December 18, 2019"},"yesterday":{"start":1576558800,"end":1576645199}}