{"content":"<li class=\"n-box-item date-title\" data-end=\"1329713999\" data-start=\"1329627600\" data-txt=\"Wednesday, December 18, 2019\">Sunday, February 19, 2012</li><li class=\"n-box-item sa-box-item\" data-id=\"156221\" data-ts=\"1329697691\"><div class=\"media media-overflow-fix\"><div class=\"media-left\"><a class=\"box-ticker\" href=\"/symbol/\" target=\"_blank\"></a></div><div class=\"media-body\"><h4 class=\"media-heading\"><a href=\"/news/156221\" sasource=\"on_the_move_news_fidelity\" target=\"_blank\">Germany backs away from the idea it was ready to nix the Greek bailout no matter what promises...</a></h4><p>Germany <a target=\"_blank\" href=\"http://www.telegraph.co.uk/finance/financialcrisis/9092320/Germany-bows-to-global-pressure-and-signals-Greek-rescue-deal.html\">backs away</a> from the idea it was ready to nix the Greek bailout no matter what promises come out of Athens and futures markets are lit green on Sunday evening. S&amp;P 500 <font color=\"green\">+0.7%</font>, German Dax <font color=\"green\">+1%</font>, euro <font color=\"green\">+0.7%</font> vs. the dollar, April WTI crude <font color=\"green\">+1.5%</font> (to $105.16), gold <font color=\"green\">+0.5%</font>. </p><div class=\"tiny-share-widget\" data-id=\"156221\" data-linked=\"Germany backs away from the idea it was ready to nix the Greek bailout no matter what promises...\" data-tweet=\"Germany backs away from the idea it was ready to nix the Greek bailout no matter what promises come out of Athens and futures markets are lit green on Sunday evening. S&amp;P 500 +0.7%, German Dax +1%, euro +0.7% vs. the dollar, April WTI crude +1.5% (to $1... https://seekingalpha.com/news/156221?source=tweet\" data-url=\"https://seekingalpha.com/news/156221\"><div class=\"icon share-btn c-email\" title=\"Email a friend\">&nbsp;</div><div class=\"icon share-btn c-twitter\" title=\"Share on Twitter\">&nbsp;</div><div class=\"icon share-btn c-facebook\" title=\"Share on Facebook\">&nbsp;</div><div class=\"icon share-btn c-linkedin\" title=\"Share on Linkedin\">&nbsp;</div></div><span class=\"mc_gray_separator\">|</span>  7:28 PM <span class='mc_gray_separator'>|</span> <span class='comments-n'><span class='comments-container '>14&nbsp;<span class='comments-number'>Comments</span></span></span></div></div></li>","count":1,"message":null,"success":true,"today":{"start":1576645200,"end":1576731599,"str":"Wednesday, December 18, 2019"},"yesterday":{"start":1576558800,"end":1576645199}}