{"content":"<li class=\"n-box-item date-title\" data-end=\"1344225599\" data-start=\"1344139200\" data-txt=\"Wednesday, December 18, 2019\">Sunday, August  5, 2012</li><li class=\"n-box-item sa-box-item\" data-id=\"465461\" data-ts=\"1344158159\"><div class=\"media media-overflow-fix\"><div class=\"media-left\"><a class=\"box-ticker\" href=\"/symbol/IPG\" target=\"_blank\">IPG</a></div><div class=\"media-body\"><h4 class=\"media-heading\"><a href=\"/news/465461\" sasource=\"on_the_move_news_fidelity\" target=\"_blank\">Publicis is not in talks about buying U.S. rival Interpublic (NYSE:IPG), nor has it...</a></h4> Publicis is <a target=\"_blank\" href=\"http://feeds.reuters.com/~r/reuters/companyNews/~3/MywYdix6-dw/publicis-idUSWEA901020120805\" target=\"_blank\">not in talks</a> about buying U.S. rival Interpublic (NYSE:<a href='https://seekingalpha.com/symbol/IPG' title='Interpublic Group of Companies Inc.'>IPG</a>), nor has it \"commissioned any bank to undertake any such discussions,\" the French advertising agency says. Publicis was responding to an <em>FT</em> report from Friday that it's considering a <a target=\"_blank\" href=\"http://ftalphaville.ft.com/blog/2012/08/03/1107031/publicis-and-interpublic-a-swan-song-for-levy/\" target=\"_blank\">$6B+ bid</a> for Interpublic, speculation that helped the latter's shares close <font color=\"green\">13.3% higher</font>. <div class=\"tiny-share-widget\" data-id=\"465461\" data-linked=\"Publicis is not in talks about buying U.S. rival Interpublic (NYSE:IPG), nor has it...\" data-tweet=\"$IPG $PGPEF $PUBGY - Publicis is not in talks about buying U.S. rival Interpublic (NYSE:IPG), nor has it &quot;commissioned any bank to undertake any such discussions,&quot; the French advertising agency says. Publicis was responding to an FT report from Friday t... https://seekingalpha.com/news/465461?source=tweet\" data-url=\"https://seekingalpha.com/news/465461\"><div class=\"icon share-btn c-email\" title=\"Email a friend\">&nbsp;</div><div class=\"icon share-btn c-twitter\" title=\"Share on Twitter\">&nbsp;</div><div class=\"icon share-btn c-facebook\" title=\"Share on Facebook\">&nbsp;</div><div class=\"icon share-btn c-linkedin\" title=\"Share on Linkedin\">&nbsp;</div></div><span class=\"mc_gray_separator\">|</span>  5:15 AM </div></div></li>","count":1,"message":null,"success":true,"today":{"start":1576645200,"end":1576731599,"str":"Wednesday, December 18, 2019"},"yesterday":{"start":1576558800,"end":1576645199}}