{"content":"<li class=\"n-box-item date-title\" data-end=\"1329109199\" data-start=\"1329022800\" data-txt=\"Wednesday, December 18, 2019\">Sunday, February 12, 2012</li><li class=\"n-box-item sa-box-item\" data-id=\"142431\" data-ts=\"1329089171\"><div class=\"media media-overflow-fix\"><div class=\"media-left\"><a class=\"box-ticker\" href=\"/symbol/\" target=\"_blank\"></a></div><div class=\"media-body\"><h4 class=\"media-heading\"><a href=\"/news/142431\" sasource=\"on_the_move_news_fidelity\" target=\"_blank\">Risk markets gap up a bit at the open following the affirmative vote in Athens. S&amp;amp;P 500...</a></h4> Risk markets gap up a bit at the open following the <a target=\"_blank\" href=\"https://seekingalpha.com/currents/post/142421\">affirmative vote</a> in Athens. S&amp;P 500 futures <font color=\"green\">+0.4%</font>, German Dax futures <font color=\"green\">+0.5%</font>. Trading commences in Sydney, <font color=\"green\">+0.1%</font> - better than it looks considering Friday's losses in Europe and the U.S. If the bull market is going to continue, it's going to continue, but it's hard to imagine goings-on in Greece tonight as a catalyst. <div class=\"tiny-share-widget\" data-id=\"142431\" data-linked=\"Risk markets gap up a bit at the open following the affirmative vote in Athens. S&amp;amp;P 500...\" data-tweet=\"Risk markets gap up a bit at the open following the affirmative vote in Athens. S&amp;P 500 futures +0.4%, German Dax futures +0.5%. Trading commences in Sydney, +0.1% - better than it looks considering Friday&#39;s losses in Europe and the U.S. If the bull mar... https://seekingalpha.com/news/142431?source=tweet\" data-url=\"https://seekingalpha.com/news/142431\"><div class=\"icon share-btn c-email\" title=\"Email a friend\">&nbsp;</div><div class=\"icon share-btn c-twitter\" title=\"Share on Twitter\">&nbsp;</div><div class=\"icon share-btn c-facebook\" title=\"Share on Facebook\">&nbsp;</div><div class=\"icon share-btn c-linkedin\" title=\"Share on Linkedin\">&nbsp;</div></div><span class=\"mc_gray_separator\">|</span>  6:26 PM <span class='mc_gray_separator'>|</span> <span class='comments-n'><span class='comments-container '>6&nbsp;<span class='comments-number'>Comments</span></span></span></div></div></li>","count":1,"message":null,"success":true,"today":{"start":1576645200,"end":1576731599,"str":"Wednesday, December 18, 2019"},"yesterday":{"start":1576558800,"end":1576645199}}