{"content":"<li class=\"n-box-item date-title\" data-end=\"1346731199\" data-start=\"1346644800\" data-txt=\"Wednesday, December 18, 2019\">Monday, September  3, 2012</li><li class=\"n-box-item sa-box-item\" data-id=\"518891\" data-ts=\"1346658730\"><div class=\"media media-overflow-fix\"><div class=\"media-left\"><a class=\"box-ticker\" href=\"/symbol/\" target=\"_blank\"></a></div><div class=\"media-body\"><h4 class=\"media-heading\"><a href=\"/news/518891\" sasource=\"on_the_move_news_fidelity\" target=\"_blank\">It&#39;s a sea of a green in Europe as markets begin to get excited about a possible ECB bond-buying...</a></h4>It's a <a target=\"_blank\" href=\"http://www.reuters.com/article/2012/09/03/markets-europe-stocks-idUSL6E8K31ZY20120903\">sea of a green</a> in Europe as markets begin to get excited about a possible ECB bond-buying announcement on Thursday and stimulus from China after poor PMI data (<a target=\"_blank\" href=\"https://seekingalpha.com/currents/post/518641\" target=\"_blank\">I</a>, <a target=\"_blank\" href=\"https://seekingalpha.com/currents/post/518771\" target=\"_blank\">II</a>). Of the ECB, \"I rather fear that we're not going to get clarity,\" says  ETX's Joe Rundle. He must be a veteran. EU Stoxx 50 <font color=\"green\">+0.5%</font>, London <font color=\"green\">+0.4%</font>, Paris <font color=\"green\">+0.8%</font>, Frankfurt <font color=\"green\">+0.2%</font>, Milan <font color=\"green\">+0.6%</font>, Madrid <font color=\"green\">+0.1%</font>. Japan reverses earlier gains to close <font color=\"red\">0.6% lower</font>.<div class=\"tiny-share-widget\" data-id=\"518891\" data-linked=\"It&#39;s a sea of a green in Europe as markets begin to get excited about a possible ECB bond-buying...\" data-tweet=\"It&#39;s a sea of a green in Europe as markets begin to get excited about a possible ECB bond-buying announcement on Thursday and stimulus from China after poor PMI data (I, II). Of the ECB, &quot;I rather fear that we&#39;re not going to get clarity,&quot; says ETX&#39;s Jo... https://seekingalpha.com/news/518891?source=tweet\" data-url=\"https://seekingalpha.com/news/518891\"><div class=\"icon share-btn c-email\" title=\"Email a friend\">&nbsp;</div><div class=\"icon share-btn c-twitter\" title=\"Share on Twitter\">&nbsp;</div><div class=\"icon share-btn c-facebook\" title=\"Share on Facebook\">&nbsp;</div><div class=\"icon share-btn c-linkedin\" title=\"Share on Linkedin\">&nbsp;</div></div><span class=\"mc_gray_separator\">|</span>  3:52 AM <span class='mc_gray_separator'>|</span> <span class='comments-n'><span class='comments-container '>1&nbsp;<span class='comments-number'>Comment</span></span></span></div></div></li>","count":1,"message":null,"success":true,"today":{"start":1576645200,"end":1576731599,"str":"Wednesday, December 18, 2019"},"yesterday":{"start":1576558800,"end":1576645199}}