{"content":"<li class=\"n-box-item date-title\" data-end=\"1340596799\" data-start=\"1340510400\" data-txt=\"Wednesday, December 18, 2019\">Sunday, June 24, 2012</li><li class=\"n-box-item sa-box-item\" data-id=\"382821\" data-ts=\"1340543251\"><div class=\"media media-overflow-fix\"><div class=\"media-left\"><a class=\"box-ticker\" href=\"/symbol/TEVA\" target=\"_blank\">TEVA</a></div><div class=\"media-body\"><h4 class=\"media-heading\"><a href=\"/news/382821\" sasource=\"on_the_move_news_fidelity\" target=\"_blank\">Teva Pharmaceutical (NYSE:TEVA) is +10.5% in Tel Aviv following the favorable ruling on its...</a></h4><p>Teva Pharmaceutical (NYSE:<a href=\"https://seekingalpha.com/symbol/TEVA\" title=\"Teva Pharmaceutical Industries Limited\">TEVA</a>) is <font color=\"green\">+10.5%</font> in Tel Aviv following the favorable ruling on its Copaxone patent in a case against Momenta (NASDAQ:<a href=\"https://seekingalpha.com/symbol/MNTA\" title=\"Momenta Pharmaceuticals, Inc.\">MNTA</a>) and Mylan (NASDAQ:<a href=\"https://seekingalpha.com/symbol/MYL\" title=\"Mylan Inc\">MYL</a>). While industry watchers had assumed Teva would prevail, with ~35% of its EPS at risk, a hearty sigh of relief isn't surprising. </p><div class=\"tiny-share-widget\" data-id=\"382821\" data-linked=\"Teva Pharmaceutical (NYSE:TEVA) is +10.5% in Tel Aviv following the favorable ruling on its...\" data-tweet=\"$TEVA $TEVA $MNTA - Teva Pharmaceutical (NYSE:TEVA) is +10.5% in Tel Aviv following the favorable ruling on its Copaxone patent in a case against Momenta (NASDAQ:MNTA) and Mylan (NASDAQ:MYL). While industry watchers had assumed Teva would prevail, with ... https://seekingalpha.com/news/382821?source=tweet\" data-url=\"https://seekingalpha.com/news/382821\"><div class=\"icon share-btn c-email\" title=\"Email a friend\">&nbsp;</div><div class=\"icon share-btn c-twitter\" title=\"Share on Twitter\">&nbsp;</div><div class=\"icon share-btn c-facebook\" title=\"Share on Facebook\">&nbsp;</div><div class=\"icon share-btn c-linkedin\" title=\"Share on Linkedin\">&nbsp;</div></div><span class=\"mc_gray_separator\">|</span>  9:07 AM <span class='mc_gray_separator'>|</span> <span class='comments-n'><span class='comments-container '>11&nbsp;<span class='comments-number'>Comments</span></span></span></div></div></li>","count":1,"message":null,"success":true,"today":{"start":1576645200,"end":1576731599,"str":"Wednesday, December 18, 2019"},"yesterday":{"start":1576558800,"end":1576645199}}